visitor,source,medium,campaign,depth,model,region,customer_id,phone,name,lead_id
1,google,cpc,prima_search,form_start,ravon,busan,,,권지우,
2,instagram,social,ceres_lifestyle,lead,ravon,busan,CC962AD4317D4,010-3662-8090,권하은,LMULYNJLMXIKZ
3,google,cpc,prima_search,lineup,,,,,,
4,naver,cpc,brand_search,lead,ravon,gyeonggi,CB29B4D6B6DE9,010-7177-7716,조지호,LMULYNWDHRLZ2
5,naver,cpc,brand_search,model_detail,ceres,,,,,
6,(direct),(none),(not set),lineup,,,,,,
7,naver,cpc,brand_search,home_only,,,,,,
8,youtube,video,ravon_launch,home_only,,,,,,
9,naver,cpc,brand_search,lineup,,,,,,
10,naver,cpc,brand_search,home_only,,,,,,
11,(direct),(none),(not set),lineup,,,,,,
12,instagram,social,ceres_lifestyle,home_only,,,,,,
13,youtube,video,ravon_launch,model_detail,ceres,,,,,
14,google,cpc,prima_search,home_only,,,,,,
15,google,cpc,prima_search,form_start,ravon,gyeonggi,,,신지호,
16,(direct),(none),(not set),lineup,,,,,,
17,google,cpc,prima_search,model_detail,ceres,,,,,
18,kakao,display,vento_family,lineup,,,,,,
19,google,cpc,prima_search,model_detail,vento,,,,,
20,youtube,video,ravon_launch,lineup,,,,,,
21,google,cpc,prima_search,home_only,,,,,,
22,instagram,social,ceres_lifestyle,error:TimeoutError,,,,,,
23,(direct),(none),(not set),form_start,prima,gyeonggi,,,조지호,
24,(direct),(none),(not set),model_detail,ceres,,,,,
25,naver,cpc,brand_search,lead,ceres,incheon,C25D19B395E2E,010-4335-8416,최수아,LMULYRH678G9D
26,naver,cpc,brand_search,lead,vento,gwangju,CB3BF0B266708,010-9072-2724,안예준,LMULYRRXH7SQH
27,youtube,video,ravon_launch,lead,prima,gyeonggi,C6D74C3C359D3,010-6157-9880,강도윤,LMULYS50X2UW3
28,(direct),(none),(not set),home_only,,,,,,
29,google,cpc,prima_search,lineup,,,,,,
30,google,cpc,prima_search,home_only,,,,,,
31,google,cpc,prima_search,home_only,,,,,,
32,google,cpc,prima_search,model_detail,vento,,,,,
33,kakao,display,vento_family,model_detail,prima,,,,,
34,kakao,display,vento_family,lineup,,,,,,
35,instagram,social,ceres_lifestyle,lead,ravon,gyeonggi,C4053A83827FE,010-8438-8626,권수아,LMULYT25I000I
36,youtube,video,ravon_launch,lead,prima,seoul,C942B748793AB,010-6112-6528,안지호,LMULYTENXZBRY
37,naver,cpc,brand_search,lead,vento,gyeonggi,C3447D4CBAC50,010-7937-2779,장민준,LMULYTR0TMXD5
38,(direct),(none),(not set),home_only,,,,,,
39,youtube,video,ravon_launch,lineup,,,,,,
40,google,cpc,prima_search,home_only,,,,,,
